source,award_id,recipient,agency,program_or_title,amount,start_date,end_date,fiscal_year
USAspending.gov,U24MH068457,"RUTGERS, THE STATE UNIVERSITY",Department of Health and Human Services,COOPERATIVE AGREEMENT (B),179743190.00,2003-07-01,2026-02-28,pre-2021 active/continuing
USAspending.gov,P425F200193,"RUTGERS, THE STATE UNIVERSITY",Department of Education,FORMULA GRANT (A),157595498.00,2020-05-06,2022-06-21,pre-2021 active/continuing
USAspending.gov,P425E200365,"RUTGERS, THE STATE UNIVERSITY",Department of Education,FORMULA GRANT (A),128343367.00,2020-04-27,2022-06-21,pre-2021 active/continuing
USAspending.gov,P30CA072720,RUTGERS THE STATE UNIVERSITY OF NEW JERSEY,Department of Health and Human Services,PROJECT GRANT (B),68162976.00,1997-03-01,2029-02-28,pre-2021 active/continuing
USAspending.gov,U54AR055073,RUTGERS THE STATE UNIVERSITY OF NEW JERSEY,Department of Health and Human Services,COOPERATIVE AGREEMENT (B),63962483.00,2006-09-28,2026-08-31,pre-2021 active/continuing
USAspending.gov,U45ES006179,RUTGERS THE STATE UNIVERSITY OF NEW JERSEY,Department of Health and Human Services,COOPERATIVE AGREEMENT (B),35882327.10,1992-09-16,2025-05-31,pre-2021 active/continuing
USAspending.gov,P30ES005022,RUTGERS THE STATE UNIVERSITY OF NEW JERSEY,Department of Health and Human Services,PROJECT GRANT (B),32012790.00,1988-09-28,2029-04-30,pre-2021 active/continuing
USAspending.gov,UL1TR003017,RUTGERS THE STATE UNIVERSITY OF NEW JERSEY,Department of Health and Human Services,COOPERATIVE AGREEMENT (B),28770513.07,2020-09-25,2024-06-30,pre-2021 active/continuing
USAspending.gov,P01HL114471,RUTGERS THE STATE UNIVERSITY OF NEW JERSEY,Department of Health and Human Services,PROJECT GRANT (B),23894687.78,2013-07-15,2025-07-31,pre-2021 active/continuing
USAspending.gov,U19AI111276,"RUTGERS, THE STATE UNIVERSITY",Department of Health and Human Services,COOPERATIVE AGREEMENT (B),23204297.71,2014-08-01,2022-07-31,pre-2021 active/continuing
USAspending.gov,2321666,"RUTGERS, THE STATE UNIVERSITY",National Science Foundation,COOPERATIVE AGREEMENT (B),22010332.00,2024-03-01,2029-02-28,2024
USAspending.gov,2103754,"RUTGERS, THE STATE UNIVERSITY",National Science Foundation,COOPERATIVE AGREEMENT (B),20304581.00,2021-08-01,2026-07-31,2021
USAspending.gov,U01AI152084,RUTGERS THE STATE UNIVERSITY OF NEW JERSEY,Department of Health and Human Services,COOPERATIVE AGREEMENT (B),19971131.00,2020-06-04,2025-05-31,pre-2021 active/continuing
USAspending.gov,NA16NOS0120020,"RUTGERS, THE STATE UNIVERSITY",Department of Commerce,COOPERATIVE AGREEMENT (B),19582682.73,2016-06-01,2022-05-31,pre-2021 active/continuing
USAspending.gov,R01GM133198,"RUTGERS, THE STATE UNIVERSITY",Department of Health and Human Services,PROJECT GRANT (B),19342749.00,2019-08-01,2024-09-18,pre-2021 active/continuing
USAspending.gov,U01HL133817,RUTGERS THE STATE UNIVERSITY OF NEW JERSEY,Department of Health and Human Services,COOPERATIVE AGREEMENT (B),17136580.00,2016-09-01,2025-08-31,pre-2021 active/continuing
USAspending.gov,UM1TR004789,RUTGERS THE STATE UNIVERSITY OF NEW JERSEY,Department of Health and Human Services,COOPERATIVE AGREEMENT (B),16838120.00,2024-05-01,2031-04-30,2024
USAspending.gov,R01MH104964,RUTGERS THE STATE UNIVERSITY OF NEW JERSEY,Department of Health and Human Services,PROJECT GRANT (B),16014282.34,2015-07-18,2025-06-30,pre-2021 active/continuing
USAspending.gov,69A3551847102,"RUTGERS, THE STATE UNIVERSITY",Department of Transportation,PROJECT GRANT (B),15584200.00,2018-06-05,2026-06-30,pre-2021 active/continuing
USAspending.gov,1832184,"RUTGERS, THE STATE UNIVERSITY",National Science Foundation,COOPERATIVE AGREEMENT (B),14982060.00,2019-03-01,2024-02-29,pre-2021 active/continuing
USAspending.gov,U24NS095914,"RUTGERS, THE STATE UNIVERSITY",Department of Health and Human Services,COOPERATIVE AGREEMENT (B),14594331.00,2016-09-12,2030-07-31,pre-2021 active/continuing
USAspending.gov,U19AI162598,RUTGERS THE STATE UNIVERSITY OF NEW JERSEY,Department of Health and Human Services,COOPERATIVE AGREEMENT (B),13926288.00,2021-09-23,2027-06-30,2021
USAspending.gov,K12GM093854,RUTGERS THE STATE UNIVERSITY OF NEW JERSEY,Department of Health and Human Services,PROJECT GRANT (B),13463953.00,2010-08-01,2028-08-31,pre-2021 active/continuing
USAspending.gov,H8026763,"RUTGERS, THE STATE UNIVERSITY",Department of Health and Human Services,PROJECT GRANT (B),12814493.43,2013-07-01,2023-06-06,pre-2021 active/continuing
USAspending.gov,UC7AI180307,RUTGERS THE STATE UNIVERSITY OF NEW JERSEY,Department of Health and Human Services,COOPERATIVE AGREEMENT (B),12462803.00,2023-08-18,2028-07-31,2023
USAspending.gov,U01AI174268,RUTGERS THE STATE UNIVERSITY OF NEW JERSEY,Department of Health and Human Services,COOPERATIVE AGREEMENT (B),11818694.00,2023-04-01,2028-03-31,2023
USAspending.gov,H8049339,RUTGERS THE STATE UNIVERSITY OF NEW JERSEY,Department of Health and Human Services,PROJECT GRANT (B),11682455.12,2023-06-07,2028-02-29,2023
USAspending.gov,P50MD017356,RUTGERS THE STATE UNIVERSITY OF NEW JERSEY,Department of Health and Human Services,PROJECT GRANT (B),11602806.00,2021-09-24,2027-06-30,2021
USAspending.gov,P01CA250957,RUTGERS THE STATE UNIVERSITY OF NEW JERSEY,Department of Health and Human Services,PROJECT GRANT (B),11294260.00,2021-05-01,2027-04-30,2021
USAspending.gov,UH3DE028860,RUTGERS THE STATE UNIVERSITY OF NEW JERSEY,Department of Health and Human Services,COOPERATIVE AGREEMENT (B),10748764.55,2020-08-01,2026-07-31,pre-2021 active/continuing
USAspending.gov,U01CA278695,RUTGERS THE STATE UNIVERSITY OF NEW JERSEY,Department of Health and Human Services,COOPERATIVE AGREEMENT (B),10160939.00,2023-06-01,2028-05-31,2023
USAspending.gov,R01GM057720,RUTGERS THE STATE UNIVERSITY OF NEW JERSEY,Department of Health and Human Services,PROJECT GRANT (B),9897086.00,1977-06-01,2028-06-30,pre-2021 active/continuing
USAspending.gov,R01HL091469,RUTGERS THE STATE UNIVERSITY OF NEW JERSEY,Department of Health and Human Services,PROJECT GRANT (B),9227033.00,2008-01-15,2028-04-30,pre-2021 active/continuing
USAspending.gov,R01AG053961,"RUTGERS, THE STATE UNIVERSITY",Department of Health and Human Services,PROJECT GRANT (B),9152172.00,2018-05-15,2028-05-31,pre-2021 active/continuing
USAspending.gov,R01AI147345,RUTGERS THE STATE UNIVERSITY OF NEW JERSEY,Department of Health and Human Services,PROJECT GRANT (B),8678729.00,2020-04-10,2026-03-31,pre-2021 active/continuing
USAspending.gov,T32ES007148,RUTGERS THE STATE UNIVERSITY OF NEW JERSEY,Department of Health and Human Services,PROJECT GRANT (B),8655439.00,1987-09-01,2027-06-30,pre-2021 active/continuing
USAspending.gov,U01DK062431,RUTGERS THE STATE UNIVERSITY OF NEW JERSEY,Department of Health and Human Services,COOPERATIVE AGREEMENT (B),8130127.00,2002-09-30,2027-06-30,pre-2021 active/continuing
USAspending.gov,R35GM118086,RUTGERS THE STATE UNIVERSITY OF NEW JERSEY,Department of Health and Human Services,PROJECT GRANT (B),8054897.00,2016-05-01,2027-04-30,pre-2021 active/continuing
USAspending.gov,R01GM157729,"RUTGERS, THE STATE UNIVERSITY",Department of Health and Human Services,PROJECT GRANT (B),7760000.00,2024-09-30,2029-07-31,2024
USAspending.gov,R01NS034865,"RUTGERS, THE STATE UNIVERSITY",Department of Health and Human Services,PROJECT GRANT (B),7521742.00,1997-02-01,2023-06-30,pre-2021 active/continuing
USAspending.gov,U01AG045864,"RUTGERS, THE STATE UNIVERSITY",Department of Health and Human Services,COOPERATIVE AGREEMENT (B),7469927.00,2013-08-15,2027-07-31,pre-2021 active/continuing
USAspending.gov,DESC0010008,"RUTGERS, THE STATE UNIVERSITY",Department of Energy,PROJECT GRANT (B),7414000.00,2013-05-01,2027-03-31,pre-2021 active/continuing
USAspending.gov,R01DA033641,RUTGERS THE STATE UNIVERSITY OF NEW JERSEY,Department of Health and Human Services,PROJECT GRANT (B),7293778.00,2012-04-01,2027-01-31,pre-2021 active/continuing
USAspending.gov,R01DK059418,"RUTGERS, THE STATE UNIVERSITY",Department of Health and Human Services,PROJECT GRANT (B),7208358.00,2001-05-01,2027-06-30,pre-2021 active/continuing
USAspending.gov,R35GM118059,"RUTGERS, THE STATE UNIVERSITY",Department of Health and Human Services,PROJECT GRANT (B),7145983.00,2016-06-10,2027-05-31,pre-2021 active/continuing
USAspending.gov,R01MH123451,RUTGERS THE STATE UNIVERSITY OF NEW JERSEY,Department of Health and Human Services,PROJECT GRANT (B),7096726.00,2020-09-07,2026-06-30,pre-2021 active/continuing
USAspending.gov,RM1MH133065,RUTGERS THE STATE UNIVERSITY OF NEW JERSEY,Department of Health and Human Services,PROJECT GRANT (B),7018472.00,2023-05-17,2028-04-30,2023
USAspending.gov,U9032147,RUTGERS THE STATE UNIVERSITY OF NEW JERSEY,Department of Health and Human Services,PROJECT GRANT (B),6915298.10,2018-09-30,2023-09-29,pre-2021 active/continuing
USAspending.gov,P30NS046593,"RUTGERS, THE STATE UNIVERSITY",Department of Health and Human Services,PROJECT GRANT (B),6842448.95,2004-09-15,2021-06-30,pre-2021 active/continuing
USAspending.gov,R01MH115958,"RUTGERS, THE STATE UNIVERSITY",Department of Health and Human Services,PROJECT GRANT (B),6810190.00,2018-06-15,2025-03-31,pre-2021 active/continuing
USAspending.gov,R01HL112330,RUTGERS THE STATE UNIVERSITY OF NEW JERSEY,Department of Health and Human Services,PROJECT GRANT (B),6782703.00,2012-02-15,2025-01-31,pre-2021 active/continuing
USAspending.gov,R01HG010297,"RUTGERS, THE STATE UNIVERSITY",Department of Health and Human Services,PROJECT GRANT (B),6729315.33,2019-06-15,2024-03-31,pre-2021 active/continuing
USAspending.gov,NJ-2025-001,"RUTGERS, THE STATE UNIVERSITY",Department of Transportation,PROJECT GRANT (B),6716026.00,2025-09-25,2027-06-30,2025
USAspending.gov,NU52PS910162,"RUTGERS, THE STATE UNIVERSITY",Department of Health and Human Services,COOPERATIVE AGREEMENT (B),6697549.38,2018-01-01,2022-12-31,pre-2021 active/continuing
USAspending.gov,DESC0019749,"RUTGERS, THE STATE UNIVERSITY",Department of Energy,PROJECT GRANT (B),6656000.00,2019-04-01,2027-03-31,pre-2021 active/continuing
USAspending.gov,NJ-2023-002,"RUTGERS, THE STATE UNIVERSITY",Department of Transportation,PROJECT GRANT (B),6578592.00,2023-08-02,2025-03-31,2023
USAspending.gov,U1O28686,RUTGERS THE STATE UNIVERSITY OF NEW JERSEY,Department of Health and Human Services,PROJECT GRANT (B),6494155.65,2015-07-01,2023-07-02,pre-2021 active/continuing
USAspending.gov,R01ES004738,RUTGERS THE STATE UNIVERSITY OF NEW JERSEY,Department of Health and Human Services,PROJECT GRANT (B),6425846.38,1989-06-01,2027-06-30,pre-2021 active/continuing
USAspending.gov,DEEE0008278,"RUTGERS, THE STATE UNIVERSITY",Department of Energy,COOPERATIVE AGREEMENT (B),6355595.00,2018-02-28,2024-08-31,pre-2021 active/continuing
USAspending.gov,R01DK038389,"RUTGERS, THE STATE UNIVERSITY",Department of Health and Human Services,PROJECT GRANT (B),6308550.00,1987-05-01,2027-03-31,pre-2021 active/continuing
USAspending.gov,DEFG0207ER46382,"RUTGERS, THE STATE UNIVERSITY",Department of Energy,PROJECT GRANT (B),6248086.00,2007-06-01,2026-07-31,pre-2021 active/continuing
USAspending.gov,H79SM081783,"RUTGERS, THE STATE UNIVERSITY",Department of Health and Human Services,PROJECT GRANT (B),6237838.81,2018-09-30,2023-08-14,pre-2021 active/continuing
USAspending.gov,R01CA185623,"RUTGERS, THE STATE UNIVERSITY OF NEW JERSEY",Department of Health and Human Services,PROJECT GRANT (B),6181139.93,2014-09-11,2022-08-31,pre-2021 active/continuing
USAspending.gov,R01AI152159,RUTGERS THE STATE UNIVERSITY OF NEW JERSEY,Department of Health and Human Services,PROJECT GRANT (B),5997835.00,2020-05-07,2025-04-30,pre-2021 active/continuing
USAspending.gov,UH3AI169655,RUTGERS THE STATE UNIVERSITY OF NEW JERSEY,Department of Health and Human Services,COOPERATIVE AGREEMENT (B),5988288.00,2022-03-18,2027-04-30,2022
USAspending.gov,R01DK047420,RUTGERS THE STATE UNIVERSITY OF NEW JERSEY,Department of Health and Human Services,PROJECT GRANT (B),5961269.04,1994-12-01,2027-04-30,pre-2021 active/continuing
USAspending.gov,R25GM096161,"RUTGERS, THE STATE UNIVERSITY",Department of Health and Human Services,PROJECT GRANT (B),5838374.92,2011-07-01,2021-06-30,pre-2021 active/continuing
USAspending.gov,U1O49824,RUTGERS THE STATE UNIVERSITY OF NEW JERSEY,Department of Health and Human Services,PROJECT GRANT (B),5673984.30,2015-07-01,2029-06-30,pre-2021 active/continuing
USAspending.gov,R01DA012237,"RUTGERS, THE STATE UNIVERSITY",Department of Health and Human Services,PROJECT GRANT (B),5655816.00,2000-02-15,2022-04-30,pre-2021 active/continuing
USAspending.gov,R01HL103920,RUTGERS THE STATE UNIVERSITY OF NEW JERSEY,Department of Health and Human Services,PROJECT GRANT (B),5654719.00,2010-07-01,2026-08-31,pre-2021 active/continuing
USAspending.gov,R01GM062248,"RUTGERS, THE STATE UNIVERSITY",Department of Health and Human Services,PROJECT GRANT (B),5617356.00,2001-01-01,2027-01-31,pre-2021 active/continuing
USAspending.gov,R01CA163591,RUTGERS THE STATE UNIVERSITY OF NEW JERSEY,Department of Health and Human Services,PROJECT GRANT (B),5523979.99,2012-08-07,2029-05-31,pre-2021 active/continuing
USAspending.gov,R01NS055159,"RUTGERS, THE STATE UNIVERSITY",Department of Health and Human Services,PROJECT GRANT (B),5519469.00,2007-07-01,2025-05-31,pre-2021 active/continuing
USAspending.gov,R01CA138804,RUTGERS THE STATE UNIVERSITY OF NEW JERSEY,Department of Health and Human Services,PROJECT GRANT (B),5501957.00,2009-07-01,2025-06-30,pre-2021 active/continuing
USAspending.gov,R01EB012521,"RUTGERS, THE STATE UNIVERSITY",Department of Health and Human Services,PROJECT GRANT (B),5485870.86,2011-08-01,2023-05-31,pre-2021 active/continuing
USAspending.gov,R35GM122518,RUTGERS THE STATE UNIVERSITY OF NEW JERSEY,Department of Health and Human Services,PROJECT GRANT (B),5475924.00,2017-09-30,2027-12-31,pre-2021 active/continuing
USAspending.gov,R01NS089737,"RUTGERS, THE STATE UNIVERSITY",Department of Health and Human Services,PROJECT GRANT (B),5450493.00,2014-09-01,2029-12-31,pre-2021 active/continuing
USAspending.gov,80NSSC18M0093,"RUTGERS, THE STATE UNIVERSITY",National Aeronautics and Space Administration,COOPERATIVE AGREEMENT (B),5450328.00,2018-04-18,2025-04-17,pre-2021 active/continuing
USAspending.gov,R01DK109714,"RUTGERS, THE STATE UNIVERSITY",Department of Health and Human Services,PROJECT GRANT (B),5390882.00,2016-09-20,2025-06-30,pre-2021 active/continuing
USAspending.gov,R01HL127661,"RUTGERS, THE STATE UNIVERSITY",Department of Health and Human Services,PROJECT GRANT (B),5375836.00,2015-04-01,2026-04-30,pre-2021 active/continuing
USAspending.gov,R01HD054681,"RUTGERS, THE STATE UNIVERSITY",Department of Health and Human Services,PROJECT GRANT (B),5362010.17,2001-05-01,2030-04-30,pre-2021 active/continuing
USAspending.gov,R01AI072425,"RUTGERS, THE STATE UNIVERSITY",Department of Health and Human Services,PROJECT GRANT (B),5324792.00,2007-03-15,2024-01-31,pre-2021 active/continuing
USAspending.gov,2233066,"RUTGERS, THE STATE UNIVERSITY",National Science Foundation,PROJECT GRANT (B),5304950.00,2022-09-01,2027-08-31,2022
USAspending.gov,R37AG056510,"RUTGERS, THE STATE UNIVERSITY",Department of Health and Human Services,PROJECT GRANT (B),5284929.00,2017-08-01,2027-03-31,pre-2021 active/continuing
USAspending.gov,G20AI167347,"RUTGERS, THE STATE UNIVERSITY",Department of Health and Human Services,PROJECT GRANT (B),5241770.00,2021-09-17,2024-02-29,2021
USAspending.gov,R01AI027690,RUTGERS THE STATE UNIVERSITY OF NEW JERSEY,Department of Health and Human Services,PROJECT GRANT (B),5207183.00,2009-09-12,2031-03-31,pre-2021 active/continuing
USAspending.gov,R37GM041376,"RUTGERS, THE STATE UNIVERSITY",Department of Health and Human Services,PROJECT GRANT (B),5013583.83,1988-12-01,2023-08-14,pre-2021 active/continuing
USAspending.gov,NJ-2022-018,"RUTGERS, THE STATE UNIVERSITY",Department of Transportation,PROJECT GRANT (B),5000000.00,2022-09-26,2029-06-30,2022
USAspending.gov,NJ-2022-017,"RUTGERS, THE STATE UNIVERSITY",Department of Transportation,PROJECT GRANT (B),5000000.00,2022-09-26,2027-06-30,2022
USAspending.gov,NJ-2021-026,"RUTGERS, THE STATE UNIVERSITY",Department of Transportation,PROJECT GRANT (B),5000000.00,2021-09-24,2024-06-30,2021
USAspending.gov,NJ-2019-018,"RUTGERS, THE STATE UNIVERSITY",Department of Transportation,PROJECT GRANT (B),5000000.00,2020-03-12,2022-06-06,pre-2021 active/continuing
NSF Awards API,2519641,Rutgers University New Brunswick,National Science Foundation,Conference: Geometric Spectral Theory and Applications,44000.00,09/15/2025,08/31/2026,2025
NSF Awards API,2533772,Rutgers University New Brunswick,National Science Foundation,Conference: The Development of Integrated Social Science Perspectives,46494.00,09/01/2025,08/31/2027,2025
NSF Awards API,2525293,Rutgers University New Brunswick,National Science Foundation,FMitF: Track I: Abstraction Refinement-guided Program Synthesis for Verifiable Robot Learning,899109.00,09/01/2025,08/31/2028,2025
NSF Awards API,2545336,Rutgers University New Brunswick,National Science Foundation,CAREER: Open-source GPU-accelerated computational infrastructure for coastal fluid-structure interaction in extreme hydrodynamic conditions,367874.00,09/01/2025,12/31/2028,2025
NSF Awards API,2506403,Rutgers University New Brunswick,National Science Foundation,New aspects of curve counting and applications,150000.00,09/01/2025,08/31/2028,2025
NSF Awards API,2505574,Rutgers University New Brunswick,National Science Foundation,Dynamics of cylindrical singularities in geometric flows and ancient solutions,100000.00,09/01/2025,08/31/2027,2025
NSF Awards API,2510900,Rutgers University New Brunswick,National Science Foundation,Collaborative Research: Connecting galaxies to halos with the Marvelous Merian Dwarfs,118776.00,09/01/2025,08/31/2028,2025
NSF Awards API,2529367,Rutgers University New Brunswick,National Science Foundation,EVIDENCE-BASED CONSERVATION FOR NATIVE BEES IN NORTHEASTERN FORESTS: A BIODIVERSITY FRONTIER,934766.00,09/01/2025,08/31/2030,2025
NSF Awards API,2447180,Rutgers University New Brunswick,National Science Foundation,Collaborative Research: RUI: Identifying mechanisms of insect repellence in polypore fungi,28726.00,09/01/2025,08/31/2028,2025
NSF Awards API,2519480,Rutgers University New Brunswick,National Science Foundation,Collaborative Research: NSF R2I2: Resilience Implementation for Salt-INtruded Geographies (RISING) Mid-Atlantic,57523.00,09/01/2025,08/31/2027,2025
NSF Awards API,2515532,Rutgers University Camden,National Science Foundation,Collaborative Research: RUI: Life without lipopolysaccharide- Synthesis of ceramide phosphoglycerate,791029.00,09/01/2025,08/31/2028,2025
NSF Awards API,2514270,Rutgers University New Brunswick,National Science Foundation,MIMO ISAC for High-Rate Communication and Accurate Situational Awareness in High-Mobility Scenarios,360000.00,09/01/2025,08/31/2028,2025
NSF Awards API,2520154,Rutgers University Newark,National Science Foundation,HNDS-R: Understanding Expectation-Driven Learning in Early Childhood: An Experimental and Computational Investigation,511745.00,09/01/2025,08/31/2028,2025
NSF Awards API,2433397,Rutgers University New Brunswick,National Science Foundation,VSMART: Vital Sign Monitoring viA Remote Tracking,500000.00,09/01/2025,08/31/2028,2025
NSF Awards API,2437949,Rutgers University New Brunswick,National Science Foundation,Collaborative Research: Chemical Speciation of Metals in Cyanobacteria: Testing Artificial Intelligence Predictions with X-ray Absorption Spectroscopy,249960.00,09/01/2025,08/31/2028,2025
NSF Awards API,2514181,Rutgers University New Brunswick,National Science Foundation,Studies of the Structure of the Nucleon,500000.00,08/15/2025,07/31/2028,2025
